N,DFT_time_ms,recursive_FFT_time_ms,numpy_FFT_time_ms,DFT_relative_error,recursive_FFT_relative_error
16,0.02289999997628911,0.12659999993047677,0.006000000212225132,2.523073693204756e-15,2.9508339221014103e-16
32,0.0473000000056345,0.2578000000994507,0.005999999984851456,6.8980204795216055e-15,5.3023275412693385e-16
64,0.37440000005517504,0.5297000000155094,0.006399999847417348,9.089591576237417e-15,4.899555796567713e-16
128,0.7998000000952743,1.0893999999552761,0.0073999999585794285,2.1123509609904128e-14,5.552102279092277e-16
256,3.13840000012533,2.227100000027349,0.008900000011635711,4.1544779389303346e-14,6.561014303372988e-16
512,11.914700000033918,4.502799999954732,0.020100000028833165,8.625525192455628e-14,7.170415004534085e-16
1024,nan,9.15339999983189,0.0175999998646148,nan,7.946285342698082e-16
2048,nan,18.586000000141212,0.02909999989242351,nan,8.613109545797603e-16
